	variant_id	consequence	wildtype	amino_acid_position	mutant	beta	pval	allele_count	allele_frequency	homozygote_count
0	6-154089975-C-G	missense_variant	Ser	240	Cys	0.0438135111253824	0.00014102388853979	6093	0.0082874280817725	33
1	6-154090110-G-T	missense_variant	Cys	285	Phe	-0.0035369247200589	0.779765445352226	5097	0.0069263069208713	12
2	6-154039729-C-CCGG	inframe_insertion	Gly	156	dup	-0.0294559013273234	0.0236356243524514	4834	0.0065686309146893	15
3	6-154090076-C-T	missense_variant	Arg	274	Cys	-0.0161132643578609	0.478269084677052	1555	0.0021132483685178	4
4	6-154091087-G-A	missense_variant	Arg	353	His	-0.0324659062643552	0.287814782614521	866	0.0011767615413673	1
5	6-154039561-C-T	missense_variant	Ala	99	Val	-0.002489795541976	0.938184889114039	785	0.0010666891328157	0
6	6-154091381-C-T	missense_variant	Ser	451	Phe	0.0272425880194384	0.403182532705856	758	0.0010300004620054	0
7	6-154091086-C-T	missense_variant	Arg	353	Cys	-0.105523833673314	0.0288194225047843	348	0.00047288005696302	0
8	6-154091434-C-T	missense_variant	Pro	469	Ser	0.0328206492831492	0.524554091228127	303	0.00041172617899082	0
9	6-154091128-G-A	missense_variant	Asp	367	Asn	0.0219396828052703	0.679279179780864	285	0.00038726825052586	0
10	6-154090055-C-G	missense_variant	Pro	267	Ala	-0.0415920907823895	0.520766356102421	199	0.00027046201435759	0
11	6-154039668-T-A	missense_variant	Ser	135	Thr	0.0354974904293811	0.584572150655383	192	0.00026089579658824	0
12	6-154039434-C-T	stop_gained	Gln	57	Ter	0.0362653989919943	0.589801531534625	173	0.00023508373329274	0
13	6-154090085-C-T	stop_gained	Arg	277	Ter	0.0278612252097543	0.704593803966735	145	0.00019703924750031	0
14	6-154039294-G-A	missense_variant	Arg	45	Gln	-0.069010110783381	0.434107785712913	102	0.0001386008919375	0
15	6-154091185-G-A	missense_variant	Val	386	Ile	-0.052027886274245	0.562575995312188	99	0.00013452476070898	0
16	6-154091348-G-A	missense_variant	Arg	440	Gln	0.122491052342364	0.183214514882208	97	0.00013180708877547	0
17	6-154089999-C-T	missense_variant	Thr	248	Ile	0.0964552047905027	0.299396739475019	94	0.00012774134280612	0
18	6-154091301-C-G	missense_variant	Ser	424	Arg	0.0906472337591124	0.371401161748566	79	0.00010734804137383	0
19	6-154039522-G-A	missense_variant	Gly	86	Asp	-0.0866862262570023	0.43195664481011	68	9.2400594625e-05	0
20	6-154089910-C-G	missense_variant	Phe	218	Leu	-0.0972768488368048	0.395170595409796	58	7.881655582522e-05	0
21	6-154090034-C-T	stop_gained	Arg	260	Ter	0.0196440165224476	0.867826473658764	57	7.746501842852e-05	0
22	6-154039560-G-GC	frameshift_variant	Thr	101	HisfsTer8	-0.403837285025309	0.00069020531005354	56	7.609460733823e-05	0
23	6-154091182-A-G	missense_variant	Ile	385	Val	-0.106303912993126	0.442918927291852	43	5.842978777757e-05	0
24	6-154089834-A-G	missense_variant	Lys	193	Arg	-0.113556531396767	0.412447808391555	40	5.442858153673e-05	0
25	6-154089936-C-G	missense_variant	Thr	227	Arg	-0.33079571837328	0.0243798963825627	37	5.029729781165e-05	0
26	6-154091347-C-T	stop_gained	Arg	440	Ter	-0.267947872748496	0.0648906429168965	37	5.027734068197e-05	0
27	6-154039774-A-C	missense_variant	Tyr	170	Ser	-0.0604346254084552	0.68854591976693	35	4.755938808732e-05	0
28	6-154091101-C-T	missense_variant	Arg	358	Cys	-0.0711929496309077	0.623806597843436	34	4.620054842768e-05	0
29	6-154091414-G-A	missense_variant	Arg	462	His	-0.201897294481611	0.198733261436508	34	4.620042286975e-05	0
30	6-154091072-G-A	missense_variant	Gly	348	Glu	0.144515281014224	0.357606480640525	33	4.484183063376e-05	0
31	6-154089828-A-G	missense_variant	Tyr	191	Cys	-0.11032849850648	0.508668626201937	31	4.229079697689e-05	0
32	6-154090979-C-G	missense_variant	Ser	317	Cys	-0.369488609499267	0.0204498961169053	31	4.212712062489e-05	0
33	6-154091426-G-A	missense_variant	Arg	466	Lys	0.32225215053612	0.0349407818302957	31	4.212380049081e-05	0
34	6-154039456-G-A	missense_variant	Arg	64	Gln	0.145011592091613	0.370081985530955	29	3.940613594301e-05	0
35	6-154090120-C-G	missense_variant	Ile	288	Met	-0.0586195636363808	0.721240038863589	29	3.940688560588e-05	0
36	6-154039270-T-C	missense_variant	Met	37	Thr	0.134989124990667	0.434113096627913	28	3.804751046985e-05	0
37	6-154091079-G-T	missense_variant	Met	350	Ile	0.0249958750319376	0.88288915728852	28	3.804730366911e-05	0
38	6-154091447-A-G	missense_variant	Asn	473	Ser	0.174148882790294	0.348817085922996	25	3.397163775906e-05	0
39	6-154091425-A-G	missense_variant	Arg	466	Gly	0.146772872707993	0.439134182185554	24	3.26121518313e-05	0
40	6-154091387-T-C	missense_variant	Ile	453	Thr	0.175024254501158	0.336931861935333	23	3.125322723542e-05	0
41	6-154091117-C-A	missense_variant	Ser	363	Tyr	-0.171757564273211	0.346045502551095	22	2.989431002573e-05	0
42	6-154039179-G-C	missense_variant	Val	7	Leu	0.234947208247183	0.225361544760992	20	2.717664547794e-05	0
43	6-154039291-A-C	missense_variant	Gln	44	Pro	0.103928229761688	0.62595925743157	20	2.717664547794e-05	0
44	6-154091057-T-C	missense_variant	Ile	343	Thr	-0.0699643318707883	0.718074290998169	20	2.717716248681e-05	0
45	6-154091102-G-A	missense_variant	Arg	358	His	0.135218685399721	0.504947254032094	20	2.717679319275e-05	0
46	6-154091351-G-T	missense_variant	Cys	441	Phe	0.155101774730877	0.455453879190954	20	2.717664547794e-05	0
47	6-154039743-A-G	missense_variant	Met	160	Val	-0.189076514153157	0.33997091755069	19	2.581816402959e-05	0
48	6-154039259-CGA-C	frameshift_variant	Glu	34	IlefsTer21	-0.085322517233024	0.696903379296148	18	2.445904740163e-05	0
49	6-154039262-A-C	missense_variant	Glu	34	Asp	-0.0853204169052818	0.696910470624238	18	2.445898093014e-05	0
50	6-154039266-C-CTTCCA	frameshift_variant	Arg	36	LeufsTer97	-0.0853204169052818	0.696910470624238	18	2.445898093014e-05	0
51	6-154039564-C-A	missense_variant	Pro	100	His	-0.176707013323965	0.39518551330626	18	2.445898093014e-05	0
52	6-154091042-T-C	missense_variant	Met	338	Thr	-0.0738952871358934	0.7289092776987	18	2.445918034568e-05	0
53	6-154091140-C-T	stop_gained	Arg	371	Ter	-0.088460187429199	0.678218091877377	18	2.445918034568e-05	0
54	6-154091392-C-T	stop_gained	Gln	455	Ter	0.0255642186109731	0.904564484456593	18	2.445918034568e-05	0
55	6-154039163-G-A	start_lost	Met	1	?	-0.420166462434696	0.0487582865898418	16	2.174131638235e-05	0
56	6-154039228-C-A	missense_variant	Pro	23	His	0.453391628760813	0.0588336525594833	16	2.174131638235e-05	0
57	6-154039575-A-G	missense_variant	Ser	104	Gly	-0.147855477019902	0.499696254768102	16	2.174131638235e-05	0
58	6-154039437-C-T	stop_gained	Gln	58	Ter	0.125422385363804	0.589334212050421	15	2.038248410845e-05	0
59	6-154039680-G-C	missense_variant	Gly	139	Arg	0.156301844423107	0.501122709895764	15	2.038253950136e-05	0
60	6-154039302-G-A	missense_variant	Ala	48	Thr	-0.0050823289413021	0.983102082739143	13	1.766481956066e-05	0
61	6-154039575-AGC-A	frameshift_variant	Ser	104	LysfsTer4	-0.240979589542659	0.349843117374199	13	1.766481956066e-05	0
62	6-154039741-C-T	missense_variant	Ser	159	Phe	0.152524328712631	0.539165368982632	13	1.766491557529e-05	0
63	6-154091422-A-G	missense_variant	Thr	465	Ala	0.26035714889116	0.294543823307913	13	1.766481956066e-05	0
64	6-154090090-T-A	missense_variant	Asn	278	Lys	0.0710569176420387	0.799818711373608	11	1.494719563433e-05	0
65	6-154091079-G-C	missense_variant	Met	350	Ile	0.4952183437123	0.0771846006209657	11	1.494715501286e-05	0
66	6-154039688-C-G	missense_variant	Asn	141	Lys	-0.509726039922213	0.0689032151799274	10	1.358832273897e-05	0
67	6-154039433-AC-A	frameshift_variant	Gln	57	SerfsTer74	0.129859404557917	0.67507738988993	9	1.222949046507e-05	0
68	6-154039476-C-T	missense_variant	Leu	71	Phe	-0.603810793343905	0.0399209231563661	9	1.222949046507e-05	0
69	6-154039521-G-C	missense_variant	Gly	86	Arg	0.159936079445089	0.605653292414398	9	1.222949046507e-05	0
70	6-154090038-A-G	missense_variant	Tyr	261	Cys	0.209997702280811	0.497845592543661	9	1.223111922895e-05	0
71	6-154090113-A-G	missense_variant	Asn	286	Ser	0.258421838689974	0.404167321225027	9	1.222959017284e-05	0
72	6-154091027-T-C	missense_variant	Ile	333	Thr	0.0585915958799511	0.849989221080741	9	1.222952370081e-05	0
73	6-154091321-A-G	missense_variant	Tyr	431	Cys	0.100934662789221	0.744557859475617	9	1.222949046507e-05	0
74	6-154118710-C-G	missense_variant	Pro	491	Ala	0.263656756691772	0.306382342276015	9	1.222952370081e-05	0
75	6-154039530-C-T	missense_variant	Pro	89	Ser	0.294824218476955	0.369575773994575	8	1.087065819117e-05	0
76	6-154090086-G-A	missense_variant	Arg	277	Gln	-0.061896494409714	0.85058090058047	8	1.087086499472e-05	0
77	6-154090952-G-T	missense_variant	Gly	308	Val	0.315429607788734	0.308566993639719	8	1.087316990958e-05	0
78	6-154091408-G-A	missense_variant	Arg	460	Gln	0.611762602972881	0.0482994200414079	8	1.087065819117e-05	0
79	6-154118705-C-T	missense_variant	Thr	489	Ile	-0.234944319919318	0.448204817941583	8	1.087077636367e-05	0
80	6-154039695-G-A	missense_variant	Asp	144	Asn	0.192418318909155	0.583829071112207	7	9.51182591727e-06	0
81	6-154039704-G-A	missense_variant	Gly	147	Arg	-0.474050567387977	0.177162590720303	7	9.5118517673e-06	0
82	6-154091416-C-G	missense_variant	Gln	463	Glu	0.137456983434089	0.675695351938618	7	9.51182591727e-06	0
83	6-154091434-C-A	missense_variant	Pro	469	Thr	0.0075812433764967	0.982780629823398	7	9.51182591727e-06	0
84	6-154039775-C-G	stop_gained	Tyr	170	Ter	-0.0465414058953337	0.902369193248383	6	8.15303795782e-06	0
85	6-154089830-A-G	missense_variant	Thr	192	Ala	-0.354344672969411	0.350325865155291	6	8.17445374212e-06	0
86	6-154089879-C-G	missense_variant	Ala	208	Gly	0.430312632043475	0.256714707152357	6	8.15323737878e-06	0
87	6-154090077-G-A	missense_variant	Arg	274	His	-0.0201550890151775	0.957633512758452	6	8.15330385461e-06	0
88	6-154090125-C-T	missense_variant	Ser	290	Phe	-0.117940130554103	0.755916660153023	6	8.15299364338e-06	0
89	6-154090976-T-C	missense_variant	Phe	316	Ser	0.39404271789662	0.298993302798324	6	8.15348112876e-06	0
90	6-154091038-A-T	missense_variant	Ile	337	Phe	-0.421121629468825	0.199965293895934	6	8.15299364338e-06	0
91	6-154091155-A-T	missense_variant	Met	376	Leu	0.181688377977177	0.632025003913562	6	8.15306011522e-06	0
92	6-154039495-C-T	missense_variant	Ser	77	Leu	-0.0293147319414356	0.943770928878962	5	6.79416136948e-06	0
93	6-154039603-C-T	missense_variant	Ser	113	Leu	0.394154162396286	0.34295284265915	5	6.79416136948e-06	0
94	6-154039726-C-T	missense_variant	Pro	154	Leu	0.0193879567207484	0.966718569081315	5	6.79421676269e-06	0
95	6-154039732-G-A	missense_variant	Gly	156	Asp	0.402055294751181	0.333372897332354	5	6.79421676269e-06	0
96	6-154039759-C-T	missense_variant	Thr	165	Met	-0.0620259032858342	0.881365098386165	5	6.79493695657e-06	0
97	6-154091188-T-G	missense_variant	Cys	387	Gly	-0.0805526230664132	0.846320605943218	5	6.79416136948e-06	0
98	6-154091305-C-T	missense_variant	Leu	426	Phe	0.649758623423511	0.117969077519224	5	6.79416136948e-06	0
99	6-154091318-T-C	missense_variant	Leu	430	Pro	0.0476026011820266	0.900156838718456	5	6.79416136948e-06	0
100	6-154039206-G-A	missense_variant	Asp	16	Asn	-0.109087618737153	0.792970819135619	4	5.43532909558e-06	0
101	6-154039215-G-A	missense_variant	Ala	19	Thr	-0.302012786417135	0.467431967940566	4	5.43532909558e-06	0
102	6-154039236-C-G	missense_variant	Pro	26	Ala	0.527441261324824	0.256343357413702	4	5.43532909558e-06	0
103	6-154039467-GC-G	frameshift_variant	Ala	68	ValfsTer63	-0.106062511151175	0.819449989679506	4	5.43532909558e-06	0
104	6-154039500-C-T	missense_variant	Leu	79	Phe	-0.396757514230271	0.393191431441194	4	5.43534386702e-06	0
105	6-154039567-C-G	missense_variant	Thr	101	Arg	-0.169547569590459	0.715204888382607	4	5.43532909558e-06	0
106	6-154039632-TC-T	frameshift_variant	Trp	124	GlyfsTer7	0.538337678976748	0.246652090578415	4	5.43535863855e-06	0
107	6-154039683-C-T	missense_variant	Pro	140	Ser	0.247802229898371	0.593836425538225	4	5.43532909558e-06	0
108	6-154089906-C-T	missense_variant	Pro	217	Leu	-0.140081663878231	0.736082373028825	4	5.43550635818e-06	0
109	6-154089976-CATAGAT-C	inframe_deletion	Ile	241	_Asp242del	-0.531429535425759	0.25276283964497	4	5.44099243702e-06	0
110	6-154090080-C-G	missense_variant	Thr	275	Ser	0.393388275499695	0.397219204110176	4	5.43572795268e-06	0
111	6-154091062-G-A	missense_variant	Val	345	Met	-0.550350283798346	0.2362549159321	4	5.43549158585e-06	0
112	6-154091234-CA-C	frameshift_variant	Ile	403	SerfsTer17	-0.878951654433841	0.0585548897073074	4	5.43534386702e-06	0
113	6-154091294-C-T	missense_variant	Thr	422	Ile	0.0511303138370163	0.912380856891604	4	5.43535863855e-06	0
114	6-154091356-A-G	missense_variant	Arg	443	Gly	0.190055733430334	0.682534777538881	4	5.43534386702e-06	0
115	6-154039162-T-C	start_lost	Met	1	?	0.0697635233141054	0.896551464804734	3	4.07649682169e-06	0
116	6-154039266-C-T	missense_variant	Arg	36	Cys	0.846910388355418	0.114471497317021	3	4.07649682169e-06	0
117	6-154039273-C-T	missense_variant	Ala	38	Val	-0.817703319727031	0.127512458917445	3	4.07649682169e-06	0
118	6-154039449-C-G	missense_variant	Gln	62	Glu	0.237802089294354	0.657624997971599	3	4.07650790027e-06	0
119	6-154039462-A-G	missense_variant	Glu	66	Gly	-0.267457598066721	0.618151856073945	3	4.07649682169e-06	0
120	6-154039507-C-A	missense_variant	Ala	81	Asp	0.479348653169009	0.371740804331007	3	4.07649682169e-06	0
121	6-154039527-C-G	missense_variant	Arg	88	Gly	0.382797693201531	0.475579474777061	3	4.07649682169e-06	0
122	6-154039569-A-G	missense_variant	Asn	102	Asp	0.695244429173528	0.195055590631503	3	4.07649682169e-06	0
123	6-154039572-G-A	missense_variant	Ala	103	Thr	-0.460612386504002	0.390634154444638	3	4.07649682169e-06	0
124	6-154039633-C-T	missense_variant	Ser	123	Phe	-0.11436461850057	0.783187526740615	3	4.07660761021e-06	0
125	6-154039647-T-A	missense_variant	Ser	128	Thr	-0.960811821607967	0.0733408218245542	3	4.07649682169e-06	0
126	6-154039689-C-G	missense_variant	Arg	142	Gly	0.0977103380898902	0.855499847957301	3	4.07649682169e-06	0
127	6-154039712-C-G	missense_variant	Asp	149	Glu	0.375024799552335	0.48458796018245	3	4.07650790027e-06	0
128	6-154039782-G-A	missense_variant	Val	173	Met	-0.649068279067197	0.162472328018642	3	4.07651897891e-06	0
129	6-154089831-C-A	missense_variant	Thr	192	Asn	-0.420876730064645	0.432802251144587	3	4.08840772872e-06	0
130	6-154089846-C-A	missense_variant	Ala	197	Asp	0.336098783475743	0.531084460697505	3	4.07831451417e-06	0
131	6-154089854-A-C	missense_variant	Ile	200	Leu	0.992339854161065	0.0643902043361238	3	4.07672948453e-06	0
132	6-154091305-C-G	missense_variant	Leu	426	Val	0.787083842140556	0.142403874974751	3	4.07649682169e-06	0
133	6-154091333-A-T	missense_variant	Asp	435	Val	0.725720746421374	0.176205017087272	3	4.07649682169e-06	0
134	6-154091431-C-T	missense_variant	His	468	Tyr	-0.0116497302341043	0.979998349519803	3	4.07649682169e-06	0
135	6-154118704-A-G	missense_variant	Thr	489	Ala	-0.173704139947328	0.746162907707343	3	4.07651897891e-06	0
136	6-154039162-T-G	start_lost	Met	1	?	-0.401427951705979	0.54129672928328	2	2.71766454779e-06	0
137	6-154039198-A-G	missense_variant	Tyr	13	Cys	-0.675046961812114	0.304306908118292	2	2.71766454779e-06	0
138	6-154039224-C-G	missense_variant	Pro	22	Ala	-0.917079616508531	0.162848810417396	2	2.71766454779e-06	0
139	6-154039236-C-T	missense_variant	Pro	26	Ser	-0.528749146134914	0.421048415058345	2	2.71766454779e-06	0
140	6-154039242-C-T	missense_variant	Pro	28	Ser	-0.061753043108451	0.925131046137944	2	2.71766454779e-06	0
141	6-154039252-C-T	missense_variant	Pro	31	Leu	-0.0311365989574503	0.962209147907771	2	2.71766454779e-06	0
142	6-154039266-C-G	missense_variant	Arg	36	Gly	-0.470356422933323	0.474141319987395	2	2.71766454779e-06	0
143	6-154039270-T-G	missense_variant	Met	37	Arg	-1.11396789675534	0.0900415851226203	2	2.71767931927e-06	0
144	6-154039275-C-G	missense_variant	His	39	Asp	-0.917079616508531	0.162848810417396	2	2.71766454779e-06	0
145	6-154039281-C-G	missense_variant	Pro	41	Ala	-0.900400856256728	0.0933317555486607	2	2.71766454779e-06	0
146	6-154039426-G-C	missense_variant	Cys	54	Ser	0.700981258477766	0.286095791947136	2	2.71766454779e-06	0
147	6-154039471-A-C	missense_variant	Glu	69	Ala	-0.355377921210547	0.588651195855342	2	2.71766454779e-06	0
148	6-154039491-G-T	missense_variant	Val	76	Phe	0.463092748883026	0.48098968201006	2	2.71766454779e-06	0
149	6-154039506-G-C	missense_variant	Ala	81	Pro	-1.18115431980947	0.0722748895385635	2	2.71766454779e-06	0
150	6-154039524-G-A	missense_variant	Ala	87	Thr	0.599689816374715	0.36146766193329	2	2.71766454779e-06	0
151	6-154039587-G-C	missense_variant	Asp	108	His	-0.635546031136704	0.333526347656278	2	2.71766454779e-06	0
152	6-154039591-C-G	missense_variant	Ala	109	Gly	0.252210873993084	0.638318887607743	2	2.71766454779e-06	0
153	6-154039780-T-C	missense_variant	Ile	172	Thr	0.31454687042767	0.632180937460361	2	2.71767931927e-06	0
154	6-154089840-A-T	missense_variant	Lys	195	Met	0.141257217980508	0.829801766885698	2	2.71962316901e-06	0
155	6-154089845-G-A	missense_variant	Ala	197	Thr	0.0482444671581052	0.92835556058464	2	2.7186176373e-06	0
156	6-154089959-T-A	missense_variant	Cys	235	Ser	-0.267640507832137	0.683807943874384	2	2.71796000793e-06	0
157	6-154090035-G-A	missense_variant	Arg	260	Gln	-0.214614082904421	0.743980861353035	2	2.71798217003e-06	0
158	6-154090104-A-G	missense_variant	Asn	283	Ser	0.563310683303001	0.293781967983452	2	2.71767193351e-06	0
159	6-154090148-A-G	missense_variant	Met	298	Val	0.618421179233576	0.346672410975263	2	2.71799694497e-06	0
160	6-154090969-C-CT	frameshift_variant	Thr	315	AsnfsTer84	0.874193824780836	0.183434080537471	2	2.7179452334e-06	0
161	6-154091012-A-T	missense_variant	Lys	328	Met	-0.103001494471625	0.847771550837945	2	2.71785658957e-06	0
162	6-154091028-C-G	missense_variant	Ile	333	Met	0.828997144203955	0.122343906849882	2	2.7177384068e-06	0
163	6-154091032-G-A	missense_variant	Ala	335	Thr	-0.96787770881543	0.0712741250982717	2	2.71770147679e-06	0
164	6-154091069-A-G	missense_variant	Tyr	347	Cys	0.357073042854813	0.586875388973699	2	2.71767931927e-06	0
165	6-154091167-G-A	missense_variant	Val	380	Met	0.396162531942443	0.546610888869738	2	2.71772363468e-06	0
166	6-154091212-G-A	missense_variant	Val	395	Ile	0.661832566095692	0.313875990321033	2	2.71766454779e-06	0
167	6-154091374-A-C	missense_variant	Thr	449	Pro	-1.50034251992145	0.0224223160527609	2	2.71767931927e-06	0
168	6-154091381-C-A	missense_variant	Ser	451	Tyr	-1.81799676306485	0.0056656187489528	2	2.71767931927e-06	0
169	6-154091407-C-T	stop_gained	Arg	460	Ter	0.349470528844903	0.594862914379603	2	2.71768670507e-06	0
170	6-154091426-G-C	missense_variant	Arg	466	Thr	0.707125467828995	0.281897351231795	2	2.71766454779e-06	0
171	6-154091433-C-A	missense_variant	His	468	Gln	-0.110491366649663	0.866478306712432	2	2.71768670507e-06	0
172	6-154091472-G-C	missense_variant	Gln	481	His	-1.12563253120469	0.0867259442536776	2	2.71768670507e-06	0
173	6-154039168-T-C	missense_variant	Leu	3	Ser	0.941653941866497	0.310936887703183	1	1.35883227389e-06	0
174	6-154039183-C-T	missense_variant	Pro	8	Leu	1.59092637272908	0.0869142273816302	1	1.35883596675e-06	0
175	6-154039188-G-A	missense_variant	Glu	10	Lys	0.0187353549109703	0.983915909713667	1	1.35883227389e-06	0
176	6-154039219-A-G	missense_variant	Gln	20	Arg	-0.815676477984313	0.380110481134333	1	1.35883227389e-06	0
177	6-154039225-C-G	missense_variant	Pro	22	Arg	-1.65894179198945	0.074249977329457	1	1.35883596675e-06	0
178	6-154039237-C-T	missense_variant	Pro	26	Leu	1.01063516910052	0.27683142757257	1	1.35883227389e-06	0
179	6-154039239-C-G	missense_variant	Pro	27	Ala	-0.199100763808729	0.830361431284038	1	1.35883596675e-06	0
180	6-154039239-C-T	missense_variant	Pro	27	Ser	-2.56991474565242	0.0056864597318479	1	1.35883596675e-06	0
181	6-154039261-A-T	missense_variant	Glu	34	Val	2.03355869890879	0.0286576250023248	1	1.35889874845e-06	0
182	6-154039267-G-T	missense_variant	Arg	36	Leu	-2.95357942066879	0.0014820418744161	1	1.35884335253e-06	0
183	6-154039269-A-G	missense_variant	Met	37	Val	0.25544253058122	0.783417141872874	1	1.35883227389e-06	0
184	6-154039279-C-T	missense_variant	Ala	40	Val	0.831529119100811	0.3709450220117189	1	1.35883227389e-06	0
185	6-154039282-C-G	missense_variant	Pro	41	Arg	-0.139560724206731	0.880630475500075	1	1.35883227389e-06	0
186	6-154039411-C-A	missense_variant	Ala	49	Asp	1.72792930087605	0.0629821406082536	1	1.35883227389e-06	0
187	6-154039440-GAGCTGTGGC-G	inframe_deletion	Leu	60	_Gln62del	-1.77476066224696	0.0561696206835323	1	1.35883227389e-06	0
188	6-154039456-G-C	missense_variant	Arg	64	Pro	0.219891383390723	0.812961037174213	1	1.35883227389e-06	0
189	6-154039465-C-T	missense_variant	Ala	67	Val	-1.78713452474826	0.0544759034538303	1	1.35883227389e-06	0
190	6-154039485-C-G	missense_variant	Arg	74	Gly	-0.483537239842728	0.461904451573213	1	1.35883227389e-06	0
191	6-154039486-GAA-G	frameshift_variant	Lys	75	SerfsTer33	-0.442801004337999	0.633742107820632	1	1.35883227389e-06	0
192	6-154039488-A-G	missense_variant	Lys	75	Glu	-1.42478149160488	0.125246873379406	1	1.35883596675e-06	0
193	6-154039497-G-C	missense_variant	Val	78	Leu	-1.33697449156133	0.150259017980137	1	1.35883227389e-06	0
194	6-154039528-G-A	missense_variant	Arg	88	His	-0.0996540572982981	0.914605563487768	1	1.35883227389e-06	0
195	6-154039528-G-T	missense_variant	Arg	88	Leu	-0.513527802459231	0.580554767635602	1	1.35883227389e-06	0
196	6-154039531-C-T	missense_variant	Pro	89	Leu	-0.389886228710936	0.67483127514849	1	1.35883227389e-06	0
197	6-154039536-G-A	missense_variant	Val	91	Ile	-0.597085151534324	0.520556540589039	1	1.35883227389e-06	0
198	6-154039542-A-G	missense_variant	Thr	93	Ala	0.577452117365433	0.53436723468896	1	1.35883227389e-06	0
199	6-154039544-C-CA	frameshift_variant	Met	94	AsnfsTer15	0.989863698979421	0.286816310299869	1	1.35883227389e-06	0
200	6-154039549-A-ACAG	inframe_insertion	Ser	97	dup	-0.307930769087134	0.740391012674424	1	1.35883227389e-06	0
201	6-154039556-CG-C	frameshift_variant	Ala	98	LeufsTer33	-0.143826046023152	0.826758600718929	1	1.35883596675e-06	0
202	6-154039560-GC-G	frameshift_variant	Thr	101	ArgfsTer30	0.46843457337803	0.61422571681873	1	1.35883227389e-06	0
203	6-154039570-A-G	missense_variant	Asn	102	Ser	-0.788366629998232	0.396278675088988	1	1.35883227389e-06	0
204	6-154039578-A-G	missense_variant	Asn	105	Asp	-0.499073228044519	0.591254035466709	1	1.35883227389e-06	0
205	6-154039581-T-C	missense_variant	Cys	106	Arg	0.560532636385097	0.546406153678428	1	1.35883227389e-06	0
206	6-154039601-C-G	stop_gained	Tyr	112	Ter	-1.63893536378377	0.0778096870079607	1	1.35883227389e-06	0
207	6-154039612-C-T	missense_variant	Ser	116	Phe	-1.1453433872733	0.217792454120517	1	1.35883596675e-06	0
208	6-154039626-C-G	missense_variant	Pro	121	Ala	0.163652426993739	0.860220467111382	1	1.35884704545e-06	0
209	6-154039638-G-C	missense_variant	Val	125	Leu	0.103762687380238	0.911098295171526	1	1.35883227389e-06	0
210	6-154039639-T-C	missense_variant	Val	125	Ala	-0.25831809534073	0.781042871491274	1	1.35883596675e-06	0
211	6-154039669-C-G	missense_variant	Ser	135	Cys	-0.419797687814443	0.651475297551305	1	1.35883227389e-06	0
212	6-154039673-C-A	missense_variant	Asp	136	Glu	-0.645740931466121	0.487157998761698	1	1.35883227389e-06	0
213	6-154039680-G-A	missense_variant	Gly	139	Ser	-1.67243607837863	0.0719240638771297	1	1.35883596675e-06	0
214	6-154039690-G-T	missense_variant	Arg	142	Leu	-0.201153266379022	0.82863973112644	1	1.35883227389e-06	0
215	6-154039720-GCCCTCCGACCGGCAGT-G	frameshift_variant	Thr	155	Ter	1.19432486212672	0.198742254323974	1	1.35883227389e-06	0
216	6-154039732-G-T	missense_variant	Gly	156	Val	-1.63603198851636	0.0783385717344199	1	1.35884335253e-06	0
217	6-154039738-C-A	missense_variant	Pro	158	His	-0.538762503290437	0.562106390206132	1	1.35949731227e-06	0
218	6-154039757-C-G	missense_variant	Ile	164	Met	-0.405152451617408	0.662866958750705	1	1.3588876689e-06	0
219	6-154039764-A-G	missense_variant	Met	167	Val	0.103513678298151	0.911311046273273	1	1.35883596675e-06	0
220	6-154039770-CT-C	frameshift_variant	Leu	169	ProfsTer19	0.320732662530334	0.730004423202478	1	1.35887289646e-06	0
221	6-154039779-A-G	missense_variant	Ile	172	Val	1.00589444917368	0.279096887865715	1	1.35884704545e-06	0
222	6-154039791-G-A	missense_variant	Val	176	Met	0.904776875795902	0.330265204772617	1	1.35883227389e-06	0
223	6-154039794-G-A	missense_variant	Gly	177	Arg	-1.19694905971854	0.197761300228106	1	1.35883227389e-06	0
224	6-154089914-A-T	missense_variant	Ser	220	Cys	-0.673952270162126	0.468331432490397	1	1.3588876689e-06	0
225	6-154089917-G-A	missense_variant	Val	221	Met	-2.18422650012437	0.0187642254128619	1	1.35887658954e-06	0
226	6-154089930-T-C	missense_variant	Met	225	Thr	-0.792008717796659	0.39408540283784	1	1.35889136207e-06	0
227	6-154089935-A-G	missense_variant	Thr	227	Ala	0.822975887495664	0.375869758446838	1	1.35907973992e-06	0
228	6-154089968-G-C	missense_variant	Val	238	Leu	-0.479730612761405	0.605738633617596	1	1.35893937499e-06	0
229	6-154089969-T-G	missense_variant	Val	238	Gly	-0.771192781630372	0.406639277093847	1	1.35897631032e-06	0
230	6-154089975-C-T	missense_variant	Ser	240	Phe	1.09221025308644	0.239893695416508	1	1.36012600207e-06	0
231	6-154089977-A-G	missense_variant	Ile	241	Val	-0.10031146369528	0.914044579441446	1	1.36016300193e-06	0
232	6-154089983-T-G	missense_variant	Tyr	243	Asp	0.34060642780064	0.713989669230611	1	1.36004830891e-06	0
233	6-154089987-A-G	missense_variant	Tyr	244	Cys	0.226200167568041	0.807694847941135	1	1.35892090808e-06	0
234	6-154089989-A-G	missense_variant	Asn	245	Asp	-0.689102446188629	0.458411733256664	1	1.35899477874e-06	0
235	6-154089991-C-G	missense_variant	Asn	245	Lys	-1.27151217326515	0.171254937209912	1	1.35902432925e-06	0
236	6-154090002-G-A	missense_variant	Ser	249	Asn	1.05846613489984	0.254732440002006	1	1.35889136207e-06	0
237	6-154090011-C-G	missense_variant	Thr	252	Ser	-0.66036901325422	0.477361574018498	1	1.35892090808e-06	0
238	6-154090019-A-C	missense_variant	Thr	255	Pro	-0.206574474389743	0.824098150367623	1	1.35889874845e-06	0
239	6-154090027-T-G	missense_variant	Ser	257	Arg	0.351495637299455	0.705267874263987	1	1.35892460142e-06	0
240	6-154090040-A-C	missense_variant	Ile	262	Leu	0.69660181201631	0.453514949023556	1	1.35898000396e-06	0
241	6-154090064-G-T	missense_variant	Ala	270	Ser	1.90732461454664	0.0401350972664572	1	1.35895414888e-06	0
242	6-154090083-C-T	missense_variant	Pro	276	Leu	0.499818176358799	0.590696442080465	1	1.35890613491e-06	0
243	6-154090086-G-T	missense_variant	Arg	277	Leu	-1.63762704781552	0.0780499347112456	1	1.35885812434e-06	0
244	6-154090107-T-G	missense_variant	Val	284	Gly	1.91958421770403	0.0388772649514116	1	1.35883965963e-06	0
245	6-154090128-C-T	missense_variant	Ser	291	Leu	-0.124618967617804	0.8933315193432	1	1.3588692034e-06	0
246	6-154090137-G-A	missense_variant	Gly	294	Asp	1.99676001241456	0.0316653237927408	1	1.3588692034e-06	0
247	6-154090137-G-C	missense_variant	Gly	294	Ala	0.0357982266195737	0.969272797765455	1	1.3588692034e-06	0
248	6-154090139-C-T	missense_variant	Leu	295	Phe	0.632380981901275	0.496223159687352	1	1.35892829478e-06	0
249	6-154090149-T-C	missense_variant	Met	298	Thr	-0.401579575631525	0.665658558506511	1	1.35903541102e-06	0
250	6-154090161-C-T	missense_variant	Thr	302	Ile	-1.53599132086711	0.0984044442833686	1	1.36133694178e-06	0
251	6-154090164-C-T	missense_variant	Thr	303	Ile	-0.706073668043907	0.447405122323757	1	1.36165948164e-06	0
252	6-154090178-G-T	missense_variant	Gly	308	Cys	0.135102384932766	0.884414366902597	1	1.37439286195e-06	0
253	6-154090952-G-C	missense_variant	Gly	308	Ala	0.366862289406009	0.693023391306055	1	1.35914623869e-06	0
254	6-154090958-T-C	missense_variant	Ile	310	Thr	-0.434699470218559	0.639958259730762	1	1.35900586003e-06	0
255	6-154090963-T-C	missense_variant	Cys	312	Arg	-0.284426851065491	0.759562210179735	1	1.35893568157e-06	0
256	6-154090964-G-A	missense_variant	Cys	312	Tyr	-0.034204137970764	0.958490312054772	1	1.35898739131e-06	0
257	6-154091006-T-C	missense_variant	Leu	326	Pro	-0.181997096042464	0.844743605999249	1	1.35894306843e-06	0
258	6-154091012-A-G	missense_variant	Lys	328	Arg	-1.00744383973539	0.278344867192078	1	1.35892829478e-06	0
259	6-154091014-A-T	missense_variant	Ile	329	Phe	0.165459255408248	0.858692206220839	1	1.35892460142e-06	0
260	6-154091032-G-C	missense_variant	Ala	335	Pro	-1.27087180642606	0.171469552690044	1	1.35885073839e-06	0
261	6-154091047-G-C	missense_variant	Val	340	Leu	-0.478800952751058	0.606408337833587	1	1.35884704545e-06	0
262	6-154091051-T-C	missense_variant	Leu	341	Pro	-0.973236287505018	0.294993228831356	1	1.35884335253e-06	0
263	6-154091059-A-G	missense_variant	Thr	344	Ala	-0.0901871654914848	0.922693276722206	1	1.35886181734e-06	0
264	6-154091065-T-A	missense_variant	Cys	346	Ser	0.303875932884936	0.743683857331474	1	1.35884704545e-06	0
265	6-154091066-G-C	missense_variant	Cys	346	Ser	0.5828866306697	0.530527825668765	1	1.35885073839e-06	0
266	6-154091086-C-A	missense_variant	Arg	353	Ser	-0.492011714978744	0.596516948164877	1	1.35885073839e-06	0
267	6-154091098-G-A	missense_variant	Val	357	Ile	-1.1198415955144	0.228214180172071	1	1.35883596675e-06	0
268	6-154091102-G-T	missense_variant	Arg	358	Leu	-0.682197546537961	0.462907044400544	1	1.35883965963e-06	0
269	6-154091114-G-A	missense_variant	Gly	362	Asp	-0.126287479875704	0.891907819182286	1	1.35883227389e-06	0
270	6-154091114-G-T	missense_variant	Gly	362	Val	0.542457538917846	0.55941924530898	1	1.35883227389e-06	0
271	6-154091134-A-T	missense_variant	Asn	369	Tyr	-0.339542774553179	0.714845402808518	1	1.35883596675e-06	0
272	6-154091138-T-G	missense_variant	Leu	370	Arg	0.38177767182792	0.68121624699903	1	1.35883596675e-06	0
273	6-154091141-G-T	missense_variant	Arg	371	Leu	-0.200759554421252	0.828968278943779	1	1.35883596675e-06	0
274	6-154091146-A-G	missense_variant	Ile	373	Val	-1.09456520699048	0.238882918282979	1	1.35883596675e-06	0
275	6-154091158-G-A	missense_variant	Val	377	Met	-0.897315756791961	0.334267563432631	1	1.35895414888e-06	0
276	6-154091167-G-T	missense_variant	Val	380	Leu	1.23437671246771	0.184101007641487	1	1.35886181734e-06	0
277	6-154091210-A-G	missense_variant	Tyr	394	Cys	1.22810666801381	0.186333783362155	1	1.35883596675e-06	0
278	6-154091211-C-G	stop_gained	Tyr	394	Ter	-0.0956621644231606	0.918013720653198	1	1.35883227389e-06	0
279	6-154091240-C-A	missense_variant	Pro	404	Gln	0.558259092586837	0.548043935416164	1	1.35883596675e-06	0
280	6-154091264-C-A	missense_variant	Ser	412	Tyr	-0.92844668638345	0.317772267882232	1	1.35883965963e-06	0
281	6-154091285-T-C	missense_variant	Leu	419	Pro	0.172604909053139	0.852656232567367	1	1.35883596675e-06	0
282	6-154091287-G-T	missense_variant	Gly	420	Cys	-0.963676373777286	0.299756028308904	1	1.35883227389e-06	0
283	6-154091288-GT-G	frameshift_variant	Tyr	421	ThrfsTer62	-0.700350915924887	0.451088463658426	1	1.35883227389e-06	0
284	6-154091322-T-A	stop_gained	Tyr	431	Ter	-1.15918096873956	0.212276546862515	1	1.35883227389e-06	0
285	6-154091336-A-C	missense_variant	Glu	436	Ala	2.02958321043097	0.0289700211385121	1	1.35883596675e-06	0
286	6-154091354-T-G	missense_variant	Phe	442	Cys	-2.06146431304662	0.0265387565281778	1	1.35883227389e-06	0
287	6-154091355-CAG-C	frameshift_variant	Glu	444	ValfsTer10	-1.90066074042743	0.0408388031190534	1	1.35883596675e-06	0
288	6-154091362-T-C	missense_variant	Phe	445	Leu	0.400912800617313	0.666188294672509	1	1.35883596675e-06	0
289	6-154091371-C-A	missense_variant	Pro	448	Thr	-0.460222797433649	0.620468103865593	1	1.35884704545e-06	0
290	6-154091377-T-C	missense_variant	Ser	450	Pro	0.941148622172125	0.311204902303054	1	1.35883596675e-06	0
291	6-154091393-A-G	missense_variant	Gln	455	Arg	0.20916941373039	0.821923076960497	1	1.35883227389e-06	0
292	6-154091399-A-G	missense_variant	Asn	457	Ser	-0.149424525541885	0.872262191886313	1	1.35883965963e-06	0
293	6-154091413-C-T	missense_variant	Arg	462	Cys	-0.0453206591680813	0.961105227483203	1	1.35883965963e-06	0
294	6-154091414-G-T	missense_variant	Arg	462	Leu	-0.433041805317503	0.509909522429734	1	1.35883596675e-06	0
295	6-154091429-A-T	missense_variant	Asp	467	Val	0.295915146907458	0.750167043249505	1	1.35883227389e-06	0
296	6-154091443-G-A	missense_variant	Ala	472	Thr	0.215752652350803	0.816413968015846	1	1.35883227389e-06	0
297	6-154091452-G-A	missense_variant	Val	475	Met	0.965397220616959	0.29889072795543	1	1.35883227389e-06	0
298	6-154091453-T-A	missense_variant	Val	475	Glu	0.86739679941739	0.350638090503823	1	1.35883596675e-06	0
299	6-154091456-A-G	missense_variant	Asp	476	Gly	0.969584828161599	0.29680351860572	1	1.35883596675e-06	0
300	6-154091458-A-G	missense_variant	Arg	477	Gly	-0.109579594747867	0.867569065862351	1	1.35886181734e-06	0
301	6-154118683-C-G	missense_variant	Leu	482	Val	-0.54660851773497	0.556412384237906	1	1.3589467619e-06	0
302	6-154118702-A-T	missense_variant	Glu	488	Val	0.555672855094607	0.549890395498541	1	1.35883227389e-06	0
303	6-154118721-A-T	stop_lost	Ter	494	TyrextTer?	-0.141204446397293	0.879234719123851	1	1.35883227389e-06	0
